product_id,product_name,brand,category,tags,retailer,price,original_price,discount_pct,currency,in_stock,url,source,scraped_at
31,"5Strands Comprehensive Gut Health Test for Adults & Kids, 1000+ Food Items Tested, Non-Invasive, at Home Hair Sample Screening for Food Intolerances, Results in 4 Days",Amazon,General Wellness,,Amazon,92.65,92.65,,USD,True,https://www.amazon.com/5Strands-Comprehensive-Non-Invasive-Screening-Intolerances/dp/B0FSM1GGPK/ref=sr_1_37?dib=eyJ2IjoiMSJ9.mgD25g5sntQasbbwmhZp_mKQ9EBnulrGw9cevVPu5Bc-6PxgPOaoNKrlRcaWoftBtyzN58tq5RaL2cXVDWSRTjn3N25ikqRI5VVvn468sXk1nhmDI-_iUgzhCWA3MxbAg7mo_PBfj6sUNmc7J3iZVvx-NRaFkm4ZhBkq2jGnSDiHnIl8bKdOr5lm3MyK7ajeTqzbEyUgWRAfDis9loGFWmrciHf2Zp1g2ulaNaoq-85-TizRL2OLKT-2WXFXOJ8B0ttm1Sfbl757JQRzPC_quNQ0gZzXJUWdwFlsieIYG6I.qk_gpScMcoZlH95-KBpqAeMXLmqLjekjyB3P8cBWjF0&dib_tag=se&keywords=women+at+home+health+test&qid=1771512506&sr=8-37,crawl4ai,2026-02-19T14:49:57.739855
17,"AFIL 1000+ Foods, Drinks, Vitamins, Gut, at-Home Wellness Test Kit, Trusted Hair Analysis for Adults & Kids, at-Home Health Non-Invasive, Gluten, Dairy Health Wellness Indicators",Amazon,General Wellness,,Amazon,89.9,89.9,,USD,True,https://www.amazon.com/Vitamins-Wellness-Analysis-Non-Invasive-Indicators/dp/B0BHHY1F8D/ref=sr_1_18?dib=eyJ2IjoiMSJ9.mgD25g5sntQasbbwmhZp_mKQ9EBnulrGw9cevVPu5Bc-6PxgPOaoNKrlRcaWoftBtyzN58tq5RaL2cXVDWSRTjn3N25ikqRI5VVvn468sXk1nhmDI-_iUgzhCWA3MxbAg7mo_PBfj6sUNmc7J3iZVvx-NRaFkm4ZhBkq2jGnSDiHnIl8bKdOr5lm3MyK7ajeTqzbEyUgWRAfDis9loGFWmrciHf2Zp1g2ulaNaoq-85-TizRL2OLKT-2WXFXOJ8B0ttm1Sfbl757JQRzPC_quNQ0gZzXJUWdwFlsieIYG6I.qk_gpScMcoZlH95-KBpqAeMXLmqLjekjyB3P8cBWjF0&dib_tag=se&keywords=women+at+home+health+test&qid=1771512506&sr=8-18,crawl4ai,2026-02-19T14:49:57.732510
38,"Eldoncard INC Blood Type Test (Complete KIT) - Find Out if You are A, B, O, AB & RH- Results in Minutes - Air Sealed Envelope, Safety Lancet, Micropipette, Cleansing Swab - 1 Pack",Amazon,General Wellness,,Amazon,9.99,9.99,,USD,True,https://www.amazon.com/Eldoncard-Blood-Type-Test-Complete/dp/B00JFTSPMW/ref=sr_1_44?dib=eyJ2IjoiMSJ9.mgD25g5sntQasbbwmhZp_mKQ9EBnulrGw9cevVPu5Bc-6PxgPOaoNKrlRcaWoftBtyzN58tq5RaL2cXVDWSRTjn3N25ikqRI5VVvn468sXk1nhmDI-_iUgzhCWA3MxbAg7mo_PBfj6sUNmc7J3iZVvx-NRaFkm4ZhBkq2jGnSDiHnIl8bKdOr5lm3MyK7ajeTqzbEyUgWRAfDis9loGFWmrciHf2Zp1g2ulaNaoq-85-TizRL2OLKT-2WXFXOJ8B0ttm1Sfbl757JQRzPC_quNQ0gZzXJUWdwFlsieIYG6I.qk_gpScMcoZlH95-KBpqAeMXLmqLjekjyB3P8cBWjF0&dib_tag=se&keywords=women+at+home+health+test&qid=1771512506&sr=8-44,crawl4ai,2026-02-19T14:49:57.742641
33,"Everlywell Heart Health at-Home Lab Test for Women and Men, Measures Cholesterol, Triglyceride and HbA1c Levels, Accurate Blood Analysis, CLIA-Certified Lab Results Within Days, Ages 18 Plus",Everlywell,General Wellness,,Amazon,99.0,99.0,,USD,True,https://www.amazon.com/Everlywell-Measures-Cholesterol-Triglyceride-CLIA-Certified/dp/B07BW1B747/ref=sr_1_39?dib=eyJ2IjoiMSJ9.mgD25g5sntQasbbwmhZp_mKQ9EBnulrGw9cevVPu5Bc-6PxgPOaoNKrlRcaWoftBtyzN58tq5RaL2cXVDWSRTjn3N25ikqRI5VVvn468sXk1nhmDI-_iUgzhCWA3MxbAg7mo_PBfj6sUNmc7J3iZVvx-NRaFkm4ZhBkq2jGnSDiHnIl8bKdOr5lm3MyK7ajeTqzbEyUgWRAfDis9loGFWmrciHf2Zp1g2ulaNaoq-85-TizRL2OLKT-2WXFXOJ8B0ttm1Sfbl757JQRzPC_quNQ0gZzXJUWdwFlsieIYG6I.qk_gpScMcoZlH95-KBpqAeMXLmqLjekjyB3P8cBWjF0&dib_tag=se&keywords=women+at+home+health+test&qid=1771512506&sr=8-39,crawl4ai,2026-02-19T14:49:57.740658
13,"Everlywell at-Home Metabolism Test Collection Kit for Women and Men, Get Accurate Results at Home from a CLIA-Certified Lab Within Days, for Ages 18 Plus",Everlywell,General Wellness,,Amazon,99.0,99.0,,USD,True,https://www.amazon.com/Everlywell-Metabolism-Test-Collection-CLIA-Certified/dp/B01N48FRW3/ref=sr_1_25?dib=eyJ2IjoiMSJ9.mgD25g5sntQasbbwmhZp_mKQ9EBnulrGw9cevVPu5Bc-6PxgPOaoNKrlRcaWoftBtyzN58tq5RaL2cXVDWSRTjn3N25ikqRI5VVvn468sXk1nhmDI-_iUgzhCWA3MxbAg7mo_PBfj6sUNmc7J3iZVvx-NRaFkm4ZhBkq2jGnSDiHnIl8bKdOr5lm3MyK7ajeTqzbEyUgWRAfDis9loGFWmrciHf2Zp1g2ulaNaoq-85-TizRL2OLKT-2WXFXOJ8B0ttm1Sfbl757JQRzPC_quNQ0gZzXJUWdwFlsieIYG6I.qk_gpScMcoZlH95-KBpqAeMXLmqLjekjyB3P8cBWjF0&dib_tag=se&keywords=women+at+home+health+test&qid=1771512506&sr=8-25,crawl4ai,2026-02-19T14:49:57.735114
2,"Everlywell at-Home Women's Health Test, Measures Biomarkers for Hormonal Imbalances in Women for Accurate Results from CLIA-Certified Labs Within Days, Ages 18 Plus",Everlywell,General Wellness,,Amazon,249.0,249.0,,USD,True,https://www.amazon.com/sspa/click?ie=UTF8&spc=MTo3NzA1MDQzMDM1NjIyNTcwOjE3NzE1MTI1MDY6c3BfbXRmOjMwMDg1Mzk3ODA3OTYwMjo6MDo6&url=%2FEverlywell-Womens-Health-Test-CLIA-Certified%2Fdp%2FB076QKHP56%2Fref%3Dsr_1_19_sspa%3Fdib%3DeyJ2IjoiMSJ9.mgD25g5sntQasbbwmhZp_mKQ9EBnulrGw9cevVPu5Bc-6PxgPOaoNKrlRcaWoftBtyzN58tq5RaL2cXVDWSRTjn3N25ikqRI5VVvn468sXk1nhmDI-_iUgzhCWA3MxbAg7mo_PBfj6sUNmc7J3iZVvx-NRaFkm4ZhBkq2jGnSDiHnIl8bKdOr5lm3MyK7ajeTqzbEyUgWRAfDis9loGFWmrciHf2Zp1g2ulaNaoq-85-TizRL2OLKT-2WXFXOJ8B0ttm1Sfbl757JQRzPC_quNQ0gZzXJUWdwFlsieIYG6I.qk_gpScMcoZlH95-KBpqAeMXLmqLjekjyB3P8cBWjF0%26dib_tag%3Dse%26keywords%3Dwomen%2Bat%2Bhome%2Bhealth%2Btest%26qid%3D1771512506%26sr%3D8-19-spons%26sp_csd%3Dd2lkZ2V0TmFtZT1zcF9tdGY%26psc%3D1,crawl4ai,2026-02-19T14:49:57.732829
49,"HSV-1 & HSV-2 at-Home Health Test Kit – Discreet Sample Collection, CLIA-Certified Lab Processing, Secure Online Results for Adults",Amazon,General Wellness,,Amazon,99.0,99.0,,USD,True,https://www.amazon.com/HSV-1-HSV-2-at-Home-Health-Test/dp/B0G16PTNSF/ref=sr_1_56?dib=eyJ2IjoiMSJ9.mgD25g5sntQasbbwmhZp_mKQ9EBnulrGw9cevVPu5Bc-6PxgPOaoNKrlRcaWoftBtyzN58tq5RaL2cXVDWSRTjn3N25ikqRI5VVvn468sXk1nhmDI-_iUgzhCWA3MxbAg7mo_PBfj6sUNmc7J3iZVvx-NRaFkm4ZhBkq2jGnSDiHnIl8bKdOr5lm3MyK7ajeTqzbEyUgWRAfDis9loGFWmrciHf2Zp1g2ulaNaoq-85-TizRL2OLKT-2WXFXOJ8B0ttm1Sfbl757JQRzPC_quNQ0gZzXJUWdwFlsieIYG6I.qk_gpScMcoZlH95-KBpqAeMXLmqLjekjyB3P8cBWjF0&dib_tag=se&keywords=women+at+home+health+test&qid=1771512506&sr=8-56,crawl4ai,2026-02-19T14:49:57.747348
30,"Simply Sensitivity Checks 900+ Items Food Sensitivity Test Kit for Adults – Foods & Non-Foods, Including Lactose, Gluten, Vitamins, Minerals, Gut Health & More – at-Home Food Intolerance Test Kit",Amazon,General Wellness,,Amazon,56.99,56.99,,USD,True,https://www.amazon.com/sspa/click?ie=UTF8&spc=MTo3NzA1MDQzMDM1NjIyNTcwOjE3NzE1MTI1MDY6c3BfbXRmOjMwMTAzMTM2ODM3MzMwMjo6MDo6&url=%2FAdvanced-Sensitivity-Environmental-Intolerance-Accurate%2Fdp%2FB0BG4XJXHJ%2Fref%3Dsr_1_36_sspa%3Fdib%3DeyJ2IjoiMSJ9.mgD25g5sntQasbbwmhZp_mKQ9EBnulrGw9cevVPu5Bc-6PxgPOaoNKrlRcaWoftBtyzN58tq5RaL2cXVDWSRTjn3N25ikqRI5VVvn468sXk1nhmDI-_iUgzhCWA3MxbAg7mo_PBfj6sUNmc7J3iZVvx-NRaFkm4ZhBkq2jGnSDiHnIl8bKdOr5lm3MyK7ajeTqzbEyUgWRAfDis9loGFWmrciHf2Zp1g2ulaNaoq-85-TizRL2OLKT-2WXFXOJ8B0ttm1Sfbl757JQRzPC_quNQ0gZzXJUWdwFlsieIYG6I.qk_gpScMcoZlH95-KBpqAeMXLmqLjekjyB3P8cBWjF0%26dib_tag%3Dse%26keywords%3Dwomen%2Bat%2Bhome%2Bhealth%2Btest%26qid%3D1771512506%26sr%3D8-36-spons%26sp_csd%3Dd2lkZ2V0TmFtZT1zcF9tdGY%26psc%3D1,crawl4ai,2026-02-19T14:49:57.739461
18,"Viome at-Home Full Body Intelligence 3-in-1 Test Kit for Women & Men, 50+ Health Scores from Blood, Saliva, and Stool, Comprehensive Gut Microbiome Analysis, Biological Age, BioHacker Friendly",Amazon,General Wellness,,Amazon,399.0,399.0,,USD,True,https://www.amazon.com/Viome-Full-Body-Intelligence-TestTM/dp/B0B75T46L8/ref=sr_1_33?dib=eyJ2IjoiMSJ9.mgD25g5sntQasbbwmhZp_mKQ9EBnulrGw9cevVPu5Bc-6PxgPOaoNKrlRcaWoftBtyzN58tq5RaL2cXVDWSRTjn3N25ikqRI5VVvn468sXk1nhmDI-_iUgzhCWA3MxbAg7mo_PBfj6sUNmc7J3iZVvx-NRaFkm4ZhBkq2jGnSDiHnIl8bKdOr5lm3MyK7ajeTqzbEyUgWRAfDis9loGFWmrciHf2Zp1g2ulaNaoq-85-TizRL2OLKT-2WXFXOJ8B0ttm1Sfbl757JQRzPC_quNQ0gZzXJUWdwFlsieIYG6I.qk_gpScMcoZlH95-KBpqAeMXLmqLjekjyB3P8cBWjF0&dib_tag=se&keywords=women+at+home+health+test&qid=1771512506&sr=8-33,crawl4ai,2026-02-19T14:49:57.738234
1,Women’s Health Test – Comprehensive Home Test for 7 Important Health Markers – CLIA Certified Lab Analysis – Verisana,Amazon,General Wellness,,Amazon,159.0,159.0,,USD,True,https://www.amazon.com/Womens-Health-Test-Comprehensive-Important/dp/B0BBCP2PSZ/ref=sr_1_6?dib=eyJ2IjoiMSJ9.mgD25g5sntQasbbwmhZp_mKQ9EBnulrGw9cevVPu5Bc-6PxgPOaoNKrlRcaWoftBtyzN58tq5RaL2cXVDWSRTjn3N25ikqRI5VVvn468sXk1nhmDI-_iUgzhCWA3MxbAg7mo_PBfj6sUNmc7J3iZVvx-NRaFkm4ZhBkq2jGnSDiHnIl8bKdOr5lm3MyK7ajeTqzbEyUgWRAfDis9loGFWmrciHf2Zp1g2ulaNaoq-85-TizRL2OLKT-2WXFXOJ8B0ttm1Sfbl757JQRzPC_quNQ0gZzXJUWdwFlsieIYG6I.qk_gpScMcoZlH95-KBpqAeMXLmqLjekjyB3P8cBWjF0&dib_tag=se&keywords=women+at+home+health+test&qid=1771512506&sr=8-6,crawl4ai,2026-02-19T14:49:57.726582
42,"6-in-1 Female Hormone Test – at-Home Collection kit for Women’s Hormone Imbalance| Measures Key Hormones for Hormonal Acne, Hair Loss | Clinical-Grade Accuracy | Painless Collection",Amazon,Hormone Panel,,Amazon,149.0,149.0,,USD,True,https://www.amazon.com/EqualDx-Female-Hormone-Test-Clinical-Grade/dp/B09SG26PD5/ref=sr_1_49?dib=eyJ2IjoiMSJ9.mgD25g5sntQasbbwmhZp_mKQ9EBnulrGw9cevVPu5Bc-6PxgPOaoNKrlRcaWoftBtyzN58tq5RaL2cXVDWSRTjn3N25ikqRI5VVvn468sXk1nhmDI-_iUgzhCWA3MxbAg7mo_PBfj6sUNmc7J3iZVvx-NRaFkm4ZhBkq2jGnSDiHnIl8bKdOr5lm3MyK7ajeTqzbEyUgWRAfDis9loGFWmrciHf2Zp1g2ulaNaoq-85-TizRL2OLKT-2WXFXOJ8B0ttm1Sfbl757JQRzPC_quNQ0gZzXJUWdwFlsieIYG6I.qk_gpScMcoZlH95-KBpqAeMXLmqLjekjyB3P8cBWjF0&dib_tag=se&keywords=women+at+home+health+test&qid=1771512506&sr=8-49,crawl4ai,2026-02-19T14:49:57.744544
5,Female Hormone Test – Determine 5 Hormones for Women – Verisana,Amazon,Hormone Panel,,Amazon,149.95,149.95,,USD,True,https://www.amazon.com/Female-Hormone-Test-Determine-Hormones/dp/B07T32NWDR/ref=sr_1_5?dib=eyJ2IjoiMSJ9.mgD25g5sntQasbbwmhZp_mKQ9EBnulrGw9cevVPu5Bc-6PxgPOaoNKrlRcaWoftBtyzN58tq5RaL2cXVDWSRTjn3N25ikqRI5VVvn468sXk1nhmDI-_iUgzhCWA3MxbAg7mo_PBfj6sUNmc7J3iZVvx-NRaFkm4ZhBkq2jGnSDiHnIl8bKdOr5lm3MyK7ajeTqzbEyUgWRAfDis9loGFWmrciHf2Zp1g2ulaNaoq-85-TizRL2OLKT-2WXFXOJ8B0ttm1Sfbl757JQRzPC_quNQ0gZzXJUWdwFlsieIYG6I.qk_gpScMcoZlH95-KBpqAeMXLmqLjekjyB3P8cBWjF0&dib_tag=se&keywords=women+at+home+health+test&qid=1771512506&sr=8-5,crawl4ai,2026-02-19T14:49:57.726078
39,Home Stress Test – Saliva Test Kit for Daily Cortisol Levels – 4 Cortisol Levels Throughout The Day– CLIA Certified Lab – Verisana,Amazon,Hormone Panel,,Amazon,129.95,129.95,,USD,True,https://www.amazon.com/Home-Stress-Test-Throughout-Certified/dp/B0BBCR9Y17/ref=sr_1_45?dib=eyJ2IjoiMSJ9.mgD25g5sntQasbbwmhZp_mKQ9EBnulrGw9cevVPu5Bc-6PxgPOaoNKrlRcaWoftBtyzN58tq5RaL2cXVDWSRTjn3N25ikqRI5VVvn468sXk1nhmDI-_iUgzhCWA3MxbAg7mo_PBfj6sUNmc7J3iZVvx-NRaFkm4ZhBkq2jGnSDiHnIl8bKdOr5lm3MyK7ajeTqzbEyUgWRAfDis9loGFWmrciHf2Zp1g2ulaNaoq-85-TizRL2OLKT-2WXFXOJ8B0ttm1Sfbl757JQRzPC_quNQ0gZzXJUWdwFlsieIYG6I.qk_gpScMcoZlH95-KBpqAeMXLmqLjekjyB3P8cBWjF0&dib_tag=se&keywords=women+at+home+health+test&qid=1771512506&sr=8-45,crawl4ai,2026-02-19T14:49:57.743034
3,"6-in-1 Female Hormone Test | Progesterone | Estradiol | LH | FSH | TSH | at-Home Test | Cap & CLIA Accredited Lab |Tests are not Avail in NY, RI",Amazon,Ovulation & Fertility,,Amazon,114.99,114.99,,USD,True,https://www.amazon.com/Hormone-at-Home-Progesterone-Estradiol-Accredited/dp/B0CB542G7C/ref=sr_1_3?dib=eyJ2IjoiMSJ9.mgD25g5sntQasbbwmhZp_mKQ9EBnulrGw9cevVPu5Bc-6PxgPOaoNKrlRcaWoftBtyzN58tq5RaL2cXVDWSRTjn3N25ikqRI5VVvn468sXk1nhmDI-_iUgzhCWA3MxbAg7mo_PBfj6sUNmc7J3iZVvx-NRaFkm4ZhBkq2jGnSDiHnIl8bKdOr5lm3MyK7ajeTqzbEyUgWRAfDis9loGFWmrciHf2Zp1g2ulaNaoq-85-TizRL2OLKT-2WXFXOJ8B0ttm1Sfbl757JQRzPC_quNQ0gZzXJUWdwFlsieIYG6I.qk_gpScMcoZlH95-KBpqAeMXLmqLjekjyB3P8cBWjF0&dib_tag=se&keywords=women+at+home+health+test&qid=1771512506&sr=8-3,crawl4ai,2026-02-19T14:49:57.725155
51,6Pack FSH Test Strip for Women Menopause Test Strips at Home Ovarian Reserve & Hormone Balance Test,Amazon,Ovulation & Fertility,,Amazon,7.59,1.27,,USD,True,https://www.amazon.com/Menopause-Ovarian-Reserve-Hormone-Balance/dp/B0F1TSMWCM/ref=sr_1_59?dib=eyJ2IjoiMSJ9.mgD25g5sntQasbbwmhZp_mKQ9EBnulrGw9cevVPu5Bc-6PxgPOaoNKrlRcaWoftBtyzN58tq5RaL2cXVDWSRTjn3N25ikqRI5VVvn468sXk1nhmDI-_iUgzhCWA3MxbAg7mo_PBfj6sUNmc7J3iZVvx-NRaFkm4ZhBkq2jGnSDiHnIl8bKdOr5lm3MyK7ajeTqzbEyUgWRAfDis9loGFWmrciHf2Zp1g2ulaNaoq-85-TizRL2OLKT-2WXFXOJ8B0ttm1Sfbl757JQRzPC_quNQ0gZzXJUWdwFlsieIYG6I.qk_gpScMcoZlH95-KBpqAeMXLmqLjekjyB3P8cBWjF0&dib_tag=se&keywords=women+at+home+health+test&qid=1771512506&sr=8-59,crawl4ai,2026-02-19T14:49:57.748468
45,AMH Test for Women – Check Your Anti-Mullerian Hormone Levels – Essential for Women’s Fertility Insight – Convenient Home Testing – Analysis by CLIA-Certified Lab – Verisana,Amazon,Ovulation & Fertility,,Amazon,69.0,69.0,,USD,True,https://www.amazon.com/AMH-Test-Women-Anti-Mullerian-CLIA-Certified/dp/B0CS6HM156/ref=sr_1_52?dib=eyJ2IjoiMSJ9.mgD25g5sntQasbbwmhZp_mKQ9EBnulrGw9cevVPu5Bc-6PxgPOaoNKrlRcaWoftBtyzN58tq5RaL2cXVDWSRTjn3N25ikqRI5VVvn468sXk1nhmDI-_iUgzhCWA3MxbAg7mo_PBfj6sUNmc7J3iZVvx-NRaFkm4ZhBkq2jGnSDiHnIl8bKdOr5lm3MyK7ajeTqzbEyUgWRAfDis9loGFWmrciHf2Zp1g2ulaNaoq-85-TizRL2OLKT-2WXFXOJ8B0ttm1Sfbl757JQRzPC_quNQ0gZzXJUWdwFlsieIYG6I.qk_gpScMcoZlH95-KBpqAeMXLmqLjekjyB3P8cBWjF0&dib_tag=se&keywords=women+at+home+health+test&qid=1771512506&sr=8-52,crawl4ai,2026-02-19T14:49:57.745732
27,"Diagnox Health Menopause Test, at-Home FSH Test Strips to Identify Menopause Stages - Fast 5-Minute Results, Clinical-Grade Midstream Strips (2 Pack)",Amazon,Ovulation & Fertility,,Amazon,9.97,4.99,,USD,True,https://www.amazon.com/Diagnox-Health-Menopause-at-Home-Identify/dp/B0DQVSZM3Z/ref=sr_1_32?dib=eyJ2IjoiMSJ9.mgD25g5sntQasbbwmhZp_mKQ9EBnulrGw9cevVPu5Bc-6PxgPOaoNKrlRcaWoftBtyzN58tq5RaL2cXVDWSRTjn3N25ikqRI5VVvn468sXk1nhmDI-_iUgzhCWA3MxbAg7mo_PBfj6sUNmc7J3iZVvx-NRaFkm4ZhBkq2jGnSDiHnIl8bKdOr5lm3MyK7ajeTqzbEyUgWRAfDis9loGFWmrciHf2Zp1g2ulaNaoq-85-TizRL2OLKT-2WXFXOJ8B0ttm1Sfbl757JQRzPC_quNQ0gZzXJUWdwFlsieIYG6I.qk_gpScMcoZlH95-KBpqAeMXLmqLjekjyB3P8cBWjF0&dib_tag=se&keywords=women+at+home+health+test&qid=1771512506&sr=8-32,crawl4ai,2026-02-19T14:49:57.737926
46,Easy@Home FSH Test Kit for Women - at-Home Hormone & Cycle Tracking with Premom App | Midstream Urine Test for Female Hormone Tracking | Reliable & Quick Results | 5 Tests,Easy@Home,Ovulation & Fertility,,Amazon,14.99,3.0,,USD,True,https://www.amazon.com/Easy-Home-FSH-Test-Women/dp/B0GDXLFQP2/ref=sr_1_53?dib=eyJ2IjoiMSJ9.mgD25g5sntQasbbwmhZp_mKQ9EBnulrGw9cevVPu5Bc-6PxgPOaoNKrlRcaWoftBtyzN58tq5RaL2cXVDWSRTjn3N25ikqRI5VVvn468sXk1nhmDI-_iUgzhCWA3MxbAg7mo_PBfj6sUNmc7J3iZVvx-NRaFkm4ZhBkq2jGnSDiHnIl8bKdOr5lm3MyK7ajeTqzbEyUgWRAfDis9loGFWmrciHf2Zp1g2ulaNaoq-85-TizRL2OLKT-2WXFXOJ8B0ttm1Sfbl757JQRzPC_quNQ0gZzXJUWdwFlsieIYG6I.qk_gpScMcoZlH95-KBpqAeMXLmqLjekjyB3P8cBWjF0&dib_tag=se&keywords=women+at+home+health+test&qid=1771512506&sr=8-53,crawl4ai,2026-02-19T14:49:57.746138
41,"Female Hormone Test – LH, FSH, Prolactin & Estradiol Tests, 4 in 1 at-Home Hormone Test Kit for Women, Helps to Evaluate Essential Hormones for Hormonal Imbalances",Amazon,Ovulation & Fertility,,Amazon,139.99,139.99,,USD,True,https://www.amazon.com/Female-Hormone-Test-Prolactin-Imbalances/dp/B0F3Y175VF/ref=sr_1_48?dib=eyJ2IjoiMSJ9.mgD25g5sntQasbbwmhZp_mKQ9EBnulrGw9cevVPu5Bc-6PxgPOaoNKrlRcaWoftBtyzN58tq5RaL2cXVDWSRTjn3N25ikqRI5VVvn468sXk1nhmDI-_iUgzhCWA3MxbAg7mo_PBfj6sUNmc7J3iZVvx-NRaFkm4ZhBkq2jGnSDiHnIl8bKdOr5lm3MyK7ajeTqzbEyUgWRAfDis9loGFWmrciHf2Zp1g2ulaNaoq-85-TizRL2OLKT-2WXFXOJ8B0ttm1Sfbl757JQRzPC_quNQ0gZzXJUWdwFlsieIYG6I.qk_gpScMcoZlH95-KBpqAeMXLmqLjekjyB3P8cBWjF0&dib_tag=se&keywords=women+at+home+health+test&qid=1771512506&sr=8-48,crawl4ai,2026-02-19T14:49:57.744142
8,Fertility Test for Women | Ovarian Reserve Test | 7-in-1 at-Home Test | Choose Health | Not Testable in NY & RI,Amazon,Ovulation & Fertility,,Amazon,114.99,114.99,,USD,True,https://www.amazon.com/sspa/click?ie=UTF8&spc=MTo3NzA1MDQzMDM1NjIyNTcwOjE3NzE1MTI1MDY6c3BfbXRmOjMwMTEzMDA3NzI4ODIwMjo6MDo6&url=%2FFertility-Ovarian-Choose-Health-Testable%2Fdp%2FB0G7M4WF37%2Fref%3Dsr_1_29_sspa%3Fdib%3DeyJ2IjoiMSJ9.mgD25g5sntQasbbwmhZp_mKQ9EBnulrGw9cevVPu5Bc-6PxgPOaoNKrlRcaWoftBtyzN58tq5RaL2cXVDWSRTjn3N25ikqRI5VVvn468sXk1nhmDI-_iUgzhCWA3MxbAg7mo_PBfj6sUNmc7J3iZVvx-NRaFkm4ZhBkq2jGnSDiHnIl8bKdOr5lm3MyK7ajeTqzbEyUgWRAfDis9loGFWmrciHf2Zp1g2ulaNaoq-85-TizRL2OLKT-2WXFXOJ8B0ttm1Sfbl757JQRzPC_quNQ0gZzXJUWdwFlsieIYG6I.qk_gpScMcoZlH95-KBpqAeMXLmqLjekjyB3P8cBWjF0%26dib_tag%3Dse%26keywords%3Dwomen%2Bat%2Bhome%2Bhealth%2Btest%26qid%3D1771512506%26sr%3D8-29-spons%26sp_csd%3Dd2lkZ2V0TmFtZT1zcF9tdGY%26psc%3D1,crawl4ai,2026-02-19T14:49:57.736681
26,"Menopause Rapid Test, FSH Hormone Test for Women at Home, Hormone Balance Test Strips with Optimal Sensitivity, Calculator APP (for iOS & Android) Accurately Track. 10 Pieces.",Amazon,Ovulation & Fertility,,Amazon,5.99,5.99,,USD,True,https://www.amazon.com/OvaMate-Menopause-Hormone-Sensitivity-Estrogen/dp/B0DP4RFNH2/ref=sr_1_31?dib=eyJ2IjoiMSJ9.mgD25g5sntQasbbwmhZp_mKQ9EBnulrGw9cevVPu5Bc-6PxgPOaoNKrlRcaWoftBtyzN58tq5RaL2cXVDWSRTjn3N25ikqRI5VVvn468sXk1nhmDI-_iUgzhCWA3MxbAg7mo_PBfj6sUNmc7J3iZVvx-NRaFkm4ZhBkq2jGnSDiHnIl8bKdOr5lm3MyK7ajeTqzbEyUgWRAfDis9loGFWmrciHf2Zp1g2ulaNaoq-85-TizRL2OLKT-2WXFXOJ8B0ttm1Sfbl757JQRzPC_quNQ0gZzXJUWdwFlsieIYG6I.qk_gpScMcoZlH95-KBpqAeMXLmqLjekjyB3P8cBWjF0&dib_tag=se&keywords=women+at+home+health+test&qid=1771512506&sr=8-31,crawl4ai,2026-02-19T14:49:57.737514
19,"Mira Max Fertility Monitor & Ovulation Test Kit for Women, At-Home Hormone Tracker for LH, PdG & E3G, Digital Hormone Analyzer with 20 Test Wands, 7× More Accurate Than Other Fertility Trackers",Mira,Ovulation & Fertility,,Amazon,175.2,175.2,,USD,True,https://www.amazon.com/sspa/click?ie=UTF8&spc=MTo3NzA1MDQzMDM1NjIyNTcwOjE3NzE1MTI1MDY6c3BfbXRmOjMwMDU1NTI3MzU0MDEwMjo6MDo6&url=%2FFertility-Ovulation-Analyzer-Progesterone-Included%2Fdp%2FB0BSMS37W8%2Fref%3Dsr_1_22_sspa%3Fdib%3DeyJ2IjoiMSJ9.mgD25g5sntQasbbwmhZp_mKQ9EBnulrGw9cevVPu5Bc-6PxgPOaoNKrlRcaWoftBtyzN58tq5RaL2cXVDWSRTjn3N25ikqRI5VVvn468sXk1nhmDI-_iUgzhCWA3MxbAg7mo_PBfj6sUNmc7J3iZVvx-NRaFkm4ZhBkq2jGnSDiHnIl8bKdOr5lm3MyK7ajeTqzbEyUgWRAfDis9loGFWmrciHf2Zp1g2ulaNaoq-85-TizRL2OLKT-2WXFXOJ8B0ttm1Sfbl757JQRzPC_quNQ0gZzXJUWdwFlsieIYG6I.qk_gpScMcoZlH95-KBpqAeMXLmqLjekjyB3P8cBWjF0%26dib_tag%3Dse%26keywords%3Dwomen%2Bat%2Bhome%2Bhealth%2Btest%26qid%3D1771512506%26sr%3D8-22-spons%26sp_csd%3Dd2lkZ2V0TmFtZT1zcF9tdGY%26psc%3D1,crawl4ai,2026-02-19T14:49:57.733988
48,"Perimenopause Test – at-Home Testing Kit for Women – Measure Estradiol, LH & FSH Levels – Analysis by CLIA-Certified Lab – Verisana",Amazon,Ovulation & Fertility,,Amazon,99.95,99.95,,USD,True,https://www.amazon.com/Perimenopause-Test-Estradiol-Analysis-CLIA-Certified/dp/B08KHKJ2R5/ref=sr_1_55?dib=eyJ2IjoiMSJ9.mgD25g5sntQasbbwmhZp_mKQ9EBnulrGw9cevVPu5Bc-6PxgPOaoNKrlRcaWoftBtyzN58tq5RaL2cXVDWSRTjn3N25ikqRI5VVvn468sXk1nhmDI-_iUgzhCWA3MxbAg7mo_PBfj6sUNmc7J3iZVvx-NRaFkm4ZhBkq2jGnSDiHnIl8bKdOr5lm3MyK7ajeTqzbEyUgWRAfDis9loGFWmrciHf2Zp1g2ulaNaoq-85-TizRL2OLKT-2WXFXOJ8B0ttm1Sfbl757JQRzPC_quNQ0gZzXJUWdwFlsieIYG6I.qk_gpScMcoZlH95-KBpqAeMXLmqLjekjyB3P8cBWjF0&dib_tag=se&keywords=women+at+home+health+test&qid=1771512506&sr=8-55,crawl4ai,2026-02-19T14:49:57.746956
9,"Proov - Empower Hormone Tracker - at Home FSH, LH, Estrogen & Progesterone Test Strips - Understand Your Hormone Balance - Perimenopause & Menopause Stage Indicator - Women 30-40+ - 1 Cycle Test Kit",Proov,Ovulation & Fertility,,Amazon,59.99,8.57,,USD,True,https://www.amazon.com/Proov-Perimenopause-Menopause-Supplement-Progesterone/dp/B0D45X8QP9/ref=sr_1_10?dib=eyJ2IjoiMSJ9.mgD25g5sntQasbbwmhZp_mKQ9EBnulrGw9cevVPu5Bc-6PxgPOaoNKrlRcaWoftBtyzN58tq5RaL2cXVDWSRTjn3N25ikqRI5VVvn468sXk1nhmDI-_iUgzhCWA3MxbAg7mo_PBfj6sUNmc7J3iZVvx-NRaFkm4ZhBkq2jGnSDiHnIl8bKdOr5lm3MyK7ajeTqzbEyUgWRAfDis9loGFWmrciHf2Zp1g2ulaNaoq-85-TizRL2OLKT-2WXFXOJ8B0ttm1Sfbl757JQRzPC_quNQ0gZzXJUWdwFlsieIYG6I.qk_gpScMcoZlH95-KBpqAeMXLmqLjekjyB3P8cBWjF0&dib_tag=se&keywords=women+at+home+health+test&qid=1771512506&sr=8-10,crawl4ai,2026-02-19T14:49:57.729124
40,"13-in-1 at Home Urine Collection STI (STD) Test - Discreet, Easy to Use, Clinician Reviewed, CLIA-Certified Lab Results in Days",Amazon,STI / STD,,Amazon,109.0,109.0,,USD,True,https://www.amazon.com/AllrangeKit-Home-Urine-Collection-Test/dp/B0F99D5RMW/ref=sr_1_46?dib=eyJ2IjoiMSJ9.mgD25g5sntQasbbwmhZp_mKQ9EBnulrGw9cevVPu5Bc-6PxgPOaoNKrlRcaWoftBtyzN58tq5RaL2cXVDWSRTjn3N25ikqRI5VVvn468sXk1nhmDI-_iUgzhCWA3MxbAg7mo_PBfj6sUNmc7J3iZVvx-NRaFkm4ZhBkq2jGnSDiHnIl8bKdOr5lm3MyK7ajeTqzbEyUgWRAfDis9loGFWmrciHf2Zp1g2ulaNaoq-85-TizRL2OLKT-2WXFXOJ8B0ttm1Sfbl757JQRzPC_quNQ0gZzXJUWdwFlsieIYG6I.qk_gpScMcoZlH95-KBpqAeMXLmqLjekjyB3P8cBWjF0&dib_tag=se&keywords=women+at+home+health+test&qid=1771512506&sr=8-46,crawl4ai,2026-02-19T14:49:57.743427
23,"5Strands Food & Beverage Intolerance Test for Adults & Kids, 868 Items Tested, at-Home Sensitivity Testing, Hair Analysis, Gut Health Test, Results in 4 Days",Amazon,STI / STD,,Amazon,80.1,80.1,,USD,True,https://www.amazon.com/sspa/click?ie=UTF8&spc=MTo3NzA1MDQzMDM1NjIyNTcwOjE3NzE1MTI1MDY6c3BfbXRmOjMwMDYzMzI5MjM0OTkwMjo6MDo6&url=%2FComprehensive-Beverage-Sensitivity-Intolerance-Analysis%2Fdp%2FB0D5SVQ3YJ%2Fref%3Dsr_1_27_sspa%3Fdib%3DeyJ2IjoiMSJ9.mgD25g5sntQasbbwmhZp_mKQ9EBnulrGw9cevVPu5Bc-6PxgPOaoNKrlRcaWoftBtyzN58tq5RaL2cXVDWSRTjn3N25ikqRI5VVvn468sXk1nhmDI-_iUgzhCWA3MxbAg7mo_PBfj6sUNmc7J3iZVvx-NRaFkm4ZhBkq2jGnSDiHnIl8bKdOr5lm3MyK7ajeTqzbEyUgWRAfDis9loGFWmrciHf2Zp1g2ulaNaoq-85-TizRL2OLKT-2WXFXOJ8B0ttm1Sfbl757JQRzPC_quNQ0gZzXJUWdwFlsieIYG6I.qk_gpScMcoZlH95-KBpqAeMXLmqLjekjyB3P8cBWjF0%26dib_tag%3Dse%26keywords%3Dwomen%2Bat%2Bhome%2Bhealth%2Btest%26qid%3D1771512506%26sr%3D8-27-spons%26sp_csd%3Dd2lkZ2V0TmFtZT1zcF9tdGY%26psc%3D1,crawl4ai,2026-02-19T14:49:57.735944
36,"5Strands Gut Health Test for Adults & Kids, 500+ Items Tested, At-Home Hair Sample Screening for Food Intolerances Linked to Digestive Issues, Skin Irritation, Brain Fog & Headaches, Results in 4 Days",Amazon,STI / STD,,Amazon,50.15,50.15,,USD,True,https://www.amazon.com/5Strands-Screening-Intolerances-Digestive-Irritation/dp/B0FSLW3TBL/ref=sr_1_42?dib=eyJ2IjoiMSJ9.mgD25g5sntQasbbwmhZp_mKQ9EBnulrGw9cevVPu5Bc-6PxgPOaoNKrlRcaWoftBtyzN58tq5RaL2cXVDWSRTjn3N25ikqRI5VVvn468sXk1nhmDI-_iUgzhCWA3MxbAg7mo_PBfj6sUNmc7J3iZVvx-NRaFkm4ZhBkq2jGnSDiHnIl8bKdOr5lm3MyK7ajeTqzbEyUgWRAfDis9loGFWmrciHf2Zp1g2ulaNaoq-85-TizRL2OLKT-2WXFXOJ8B0ttm1Sfbl757JQRzPC_quNQ0gZzXJUWdwFlsieIYG6I.qk_gpScMcoZlH95-KBpqAeMXLmqLjekjyB3P8cBWjF0&dib_tag=se&keywords=women+at+home+health+test&qid=1771512506&sr=8-42,crawl4ai,2026-02-19T14:49:57.741847
28,"5Strands Nutrition Test, 112 Vitamins, Minerals, Amino Acids Tested, Identify Nutrient Absorption Issues, Holistic at Home Imbalance Testing, Results in 4 Days",Amazon,STI / STD,,Amazon,66.0,66.0,,USD,True,https://www.amazon.com/5Strands-Affordable-Nutritional-Deficiency-Deficiencies/dp/B07HL1FP5M/ref=sr_1_34?dib=eyJ2IjoiMSJ9.mgD25g5sntQasbbwmhZp_mKQ9EBnulrGw9cevVPu5Bc-6PxgPOaoNKrlRcaWoftBtyzN58tq5RaL2cXVDWSRTjn3N25ikqRI5VVvn468sXk1nhmDI-_iUgzhCWA3MxbAg7mo_PBfj6sUNmc7J3iZVvx-NRaFkm4ZhBkq2jGnSDiHnIl8bKdOr5lm3MyK7ajeTqzbEyUgWRAfDis9loGFWmrciHf2Zp1g2ulaNaoq-85-TizRL2OLKT-2WXFXOJ8B0ttm1Sfbl757JQRzPC_quNQ0gZzXJUWdwFlsieIYG6I.qk_gpScMcoZlH95-KBpqAeMXLmqLjekjyB3P8cBWjF0&dib_tag=se&keywords=women+at+home+health+test&qid=1771512506&sr=8-34,crawl4ai,2026-02-19T14:49:57.738648
50,6-in-1 at-Home Kidney Test | Test and Track Your Kidney Function and Health | 6 Key Markers of Kidney Function | Cap & CLIA accredited Laboratory Testing | Not Avail in NY RI,Amazon,STI / STD,,Amazon,74.99,74.99,,USD,True,https://www.amazon.com/Choose-Health-Function-accredited-Laboratory/dp/B0BT2TYKNT/ref=sr_1_58?dib=eyJ2IjoiMSJ9.mgD25g5sntQasbbwmhZp_mKQ9EBnulrGw9cevVPu5Bc-6PxgPOaoNKrlRcaWoftBtyzN58tq5RaL2cXVDWSRTjn3N25ikqRI5VVvn468sXk1nhmDI-_iUgzhCWA3MxbAg7mo_PBfj6sUNmc7J3iZVvx-NRaFkm4ZhBkq2jGnSDiHnIl8bKdOr5lm3MyK7ajeTqzbEyUgWRAfDis9loGFWmrciHf2Zp1g2ulaNaoq-85-TizRL2OLKT-2WXFXOJ8B0ttm1Sfbl757JQRzPC_quNQ0gZzXJUWdwFlsieIYG6I.qk_gpScMcoZlH95-KBpqAeMXLmqLjekjyB3P8cBWjF0&dib_tag=se&keywords=women+at+home+health+test&qid=1771512506&sr=8-58,crawl4ai,2026-02-19T14:49:57.748067
21,"Easy@Home Vaginal pH Test Strips: [5 Pack] Yeast Infection & BV (Bacterial Vaginosis) Testing Kit for Women with Swabs, Feminine pH Balance Health Tests, at Home pH Level Tester #EVPH-S",Easy@Home,STI / STD,,Amazon,8.99,1.8,,USD,True,https://www.amazon.com/Easy-Home-Vaginal-Test-Strips/dp/B0FS1WS9HW/ref=sr_1_24?dib=eyJ2IjoiMSJ9.mgD25g5sntQasbbwmhZp_mKQ9EBnulrGw9cevVPu5Bc-6PxgPOaoNKrlRcaWoftBtyzN58tq5RaL2cXVDWSRTjn3N25ikqRI5VVvn468sXk1nhmDI-_iUgzhCWA3MxbAg7mo_PBfj6sUNmc7J3iZVvx-NRaFkm4ZhBkq2jGnSDiHnIl8bKdOr5lm3MyK7ajeTqzbEyUgWRAfDis9loGFWmrciHf2Zp1g2ulaNaoq-85-TizRL2OLKT-2WXFXOJ8B0ttm1Sfbl757JQRzPC_quNQ0gZzXJUWdwFlsieIYG6I.qk_gpScMcoZlH95-KBpqAeMXLmqLjekjyB3P8cBWjF0&dib_tag=se&keywords=women+at+home+health+test&qid=1771512506&sr=8-24,crawl4ai,2026-02-19T14:49:57.734797
44,"Pelvana Urinary Tract Infection Test Strips - 50 UTI Test Strips for Women, Accurate 3-Parameter Nitrite, Leukocytes and pH Readings, Advanced and Easy at-Home UTI Testing",Amazon,STI / STD,,Amazon,9.95,0.2,,USD,True,https://www.amazon.com/Pelvana-Urinary-Infection-Strips-50-Strips/dp/B0D9MSP2TH/ref=sr_1_51?dib=eyJ2IjoiMSJ9.mgD25g5sntQasbbwmhZp_mKQ9EBnulrGw9cevVPu5Bc-6PxgPOaoNKrlRcaWoftBtyzN58tq5RaL2cXVDWSRTjn3N25ikqRI5VVvn468sXk1nhmDI-_iUgzhCWA3MxbAg7mo_PBfj6sUNmc7J3iZVvx-NRaFkm4ZhBkq2jGnSDiHnIl8bKdOr5lm3MyK7ajeTqzbEyUgWRAfDis9loGFWmrciHf2Zp1g2ulaNaoq-85-TizRL2OLKT-2WXFXOJ8B0ttm1Sfbl757JQRzPC_quNQ0gZzXJUWdwFlsieIYG6I.qk_gpScMcoZlH95-KBpqAeMXLmqLjekjyB3P8cBWjF0&dib_tag=se&keywords=women+at+home+health+test&qid=1771512506&sr=8-51,crawl4ai,2026-02-19T14:49:57.745338
52,Prolactin & AMH Test for Women – Essential Hormone Assessment for Reproductive Health – at-Home Testing Kit – Analysis by CLIA-Certified Lab – Verisana,Amazon,STI / STD,,Amazon,99.0,99.0,,USD,True,https://www.amazon.com/Prolactin-AMH-Test-Women-CLIA-Certified/dp/B0CSXDCS5M/ref=sr_1_60?dib=eyJ2IjoiMSJ9.mgD25g5sntQasbbwmhZp_mKQ9EBnulrGw9cevVPu5Bc-6PxgPOaoNKrlRcaWoftBtyzN58tq5RaL2cXVDWSRTjn3N25ikqRI5VVvn468sXk1nhmDI-_iUgzhCWA3MxbAg7mo_PBfj6sUNmc7J3iZVvx-NRaFkm4ZhBkq2jGnSDiHnIl8bKdOr5lm3MyK7ajeTqzbEyUgWRAfDis9loGFWmrciHf2Zp1g2ulaNaoq-85-TizRL2OLKT-2WXFXOJ8B0ttm1Sfbl757JQRzPC_quNQ0gZzXJUWdwFlsieIYG6I.qk_gpScMcoZlH95-KBpqAeMXLmqLjekjyB3P8cBWjF0&dib_tag=se&keywords=women+at+home+health+test&qid=1771512506&sr=8-60,crawl4ai,2026-02-19T14:49:57.748865
16,"STD Hero At-Home Common STD Test Kit for Women and Men - Test for the Top Four STD's - Includes MGen - Private At-Home Collection - Simple, Discreet, Easy-to-Use with Fast Online Results",Amazon,STI / STD,,Amazon,68.0,68.0,,USD,True,https://www.amazon.com/STD-Hero-at-Home-Common-Test/dp/B0D3J75YMP/ref=sr_1_17?dib=eyJ2IjoiMSJ9.mgD25g5sntQasbbwmhZp_mKQ9EBnulrGw9cevVPu5Bc-6PxgPOaoNKrlRcaWoftBtyzN58tq5RaL2cXVDWSRTjn3N25ikqRI5VVvn468sXk1nhmDI-_iUgzhCWA3MxbAg7mo_PBfj6sUNmc7J3iZVvx-NRaFkm4ZhBkq2jGnSDiHnIl8bKdOr5lm3MyK7ajeTqzbEyUgWRAfDis9loGFWmrciHf2Zp1g2ulaNaoq-85-TizRL2OLKT-2WXFXOJ8B0ttm1Sfbl757JQRzPC_quNQ0gZzXJUWdwFlsieIYG6I.qk_gpScMcoZlH95-KBpqAeMXLmqLjekjyB3P8cBWjF0&dib_tag=se&keywords=women+at+home+health+test&qid=1771512506&sr=8-17,crawl4ai,2026-02-19T14:49:57.732104
14,"Simple HealthKit At-Home 5-Panel STD Test Kit for Chlamydia, Gonorrhea, Trichomoniasis, HCV & Syphilis - STD HCV Test Kit - Free Follow-Up Care & Fast Lab Results",Amazon,STI / STD,,Amazon,159.99,,,USD,True,https://www.amazon.com/Simple-HealthKit-Chlamydia-Gonorrhea-Trichomoniasis/dp/B0FGYHPM9T/ref=sr_1_15?dib=eyJ2IjoiMSJ9.mgD25g5sntQasbbwmhZp_mKQ9EBnulrGw9cevVPu5Bc-6PxgPOaoNKrlRcaWoftBtyzN58tq5RaL2cXVDWSRTjn3N25ikqRI5VVvn468sXk1nhmDI-_iUgzhCWA3MxbAg7mo_PBfj6sUNmc7J3iZVvx-NRaFkm4ZhBkq2jGnSDiHnIl8bKdOr5lm3MyK7ajeTqzbEyUgWRAfDis9loGFWmrciHf2Zp1g2ulaNaoq-85-TizRL2OLKT-2WXFXOJ8B0ttm1Sfbl757JQRzPC_quNQ0gZzXJUWdwFlsieIYG6I.qk_gpScMcoZlH95-KBpqAeMXLmqLjekjyB3P8cBWjF0&dib_tag=se&keywords=women+at+home+health+test&qid=1771512506&sr=8-15,crawl4ai,2026-02-19T14:49:57.731274
12,"Simple HealthKit At-Home Common STD Test Kit for Chlamydia, Gonorrhea & Trichomoniasis - Tests for 3 Most Common STDs - STD Test Kit - Free Follow-Up Care & Fast Lab Results",Amazon,STI / STD,,Amazon,68.0,,,USD,True,https://www.amazon.com/Simple-HealthKit-Chlamydia-Gonorrhea-Trichomoniasis/dp/B0CL7L52M2/ref=sr_1_13?dib=eyJ2IjoiMSJ9.mgD25g5sntQasbbwmhZp_mKQ9EBnulrGw9cevVPu5Bc-6PxgPOaoNKrlRcaWoftBtyzN58tq5RaL2cXVDWSRTjn3N25ikqRI5VVvn468sXk1nhmDI-_iUgzhCWA3MxbAg7mo_PBfj6sUNmc7J3iZVvx-NRaFkm4ZhBkq2jGnSDiHnIl8bKdOr5lm3MyK7ajeTqzbEyUgWRAfDis9loGFWmrciHf2Zp1g2ulaNaoq-85-TizRL2OLKT-2WXFXOJ8B0ttm1Sfbl757JQRzPC_quNQ0gZzXJUWdwFlsieIYG6I.qk_gpScMcoZlH95-KBpqAeMXLmqLjekjyB3P8cBWjF0&dib_tag=se&keywords=women+at+home+health+test&qid=1771512506&sr=8-13,crawl4ai,2026-02-19T14:49:57.730420
10,Simple HealthKit At-Home Women’s Hormone Test - Comprehensive Hormone Panel for Females - General Wellness Testing Sample Collection Kit - Fast Lab Results & Free Follow-Up Support,Amazon,STI / STD,,Amazon,139.99,,,USD,True,https://www.amazon.com/Simple-HealthKit-At-Home-Womens-Hormone/dp/B0DKGFNDSY/ref=sr_1_11?dib=eyJ2IjoiMSJ9.mgD25g5sntQasbbwmhZp_mKQ9EBnulrGw9cevVPu5Bc-6PxgPOaoNKrlRcaWoftBtyzN58tq5RaL2cXVDWSRTjn3N25ikqRI5VVvn468sXk1nhmDI-_iUgzhCWA3MxbAg7mo_PBfj6sUNmc7J3iZVvx-NRaFkm4ZhBkq2jGnSDiHnIl8bKdOr5lm3MyK7ajeTqzbEyUgWRAfDis9loGFWmrciHf2Zp1g2ulaNaoq-85-TizRL2OLKT-2WXFXOJ8B0ttm1Sfbl757JQRzPC_quNQ0gZzXJUWdwFlsieIYG6I.qk_gpScMcoZlH95-KBpqAeMXLmqLjekjyB3P8cBWjF0&dib_tag=se&keywords=women+at+home+health+test&qid=1771512506&sr=8-11,crawl4ai,2026-02-19T14:49:57.729563
29,"URS Urine Reagent Test Strip for 14 Parameters Urinalysis - Self Testing at Home in 60 Seconds for Men and Women PH, SG, Prot, KET, BLO, BIL, CRE, Kidney, Liver, UTI, Keto Diet, Ketosis, and +7 More",Amazon,STI / STD,,Amazon,30.0,0.3,,USD,True,https://www.amazon.com/Urine-Reagent-Strip-Parameters-Urinalysis/dp/B0FQ48595Z/ref=sr_1_57?dib=eyJ2IjoiMSJ9.mgD25g5sntQasbbwmhZp_mKQ9EBnulrGw9cevVPu5Bc-6PxgPOaoNKrlRcaWoftBtyzN58tq5RaL2cXVDWSRTjn3N25ikqRI5VVvn468sXk1nhmDI-_iUgzhCWA3MxbAg7mo_PBfj6sUNmc7J3iZVvx-NRaFkm4ZhBkq2jGnSDiHnIl8bKdOr5lm3MyK7ajeTqzbEyUgWRAfDis9loGFWmrciHf2Zp1g2ulaNaoq-85-TizRL2OLKT-2WXFXOJ8B0ttm1Sfbl757JQRzPC_quNQ0gZzXJUWdwFlsieIYG6I.qk_gpScMcoZlH95-KBpqAeMXLmqLjekjyB3P8cBWjF0&dib_tag=se&keywords=women+at+home+health+test&qid=1771512506&sr=8-57,crawl4ai,2026-02-19T14:49:57.747653
32,at-Home HSV Test Kit – Health Screening Kit for Men & Women – Discreet Sample Collection – Easy-to-Use Home Testing Kit with Secure Online Results and Lab Processing,Amazon,STI / STD,,Amazon,109.0,,,USD,True,https://www.amazon.com/Better-Life-Science-at-Home-Easy/dp/B0DZ329HZN/ref=sr_1_38?dib=eyJ2IjoiMSJ9.mgD25g5sntQasbbwmhZp_mKQ9EBnulrGw9cevVPu5Bc-6PxgPOaoNKrlRcaWoftBtyzN58tq5RaL2cXVDWSRTjn3N25ikqRI5VVvn468sXk1nhmDI-_iUgzhCWA3MxbAg7mo_PBfj6sUNmc7J3iZVvx-NRaFkm4ZhBkq2jGnSDiHnIl8bKdOr5lm3MyK7ajeTqzbEyUgWRAfDis9loGFWmrciHf2Zp1g2ulaNaoq-85-TizRL2OLKT-2WXFXOJ8B0ttm1Sfbl757JQRzPC_quNQ0gZzXJUWdwFlsieIYG6I.qk_gpScMcoZlH95-KBpqAeMXLmqLjekjyB3P8cBWjF0&dib_tag=se&keywords=women+at+home+health+test&qid=1771512506&sr=8-38,crawl4ai,2026-02-19T14:49:57.740258
35,"myLAB Box V-Box STD Test Kit At Home for Women 5 Panel Vaginal Health Test - At Home Test for BV (Bacterial Vaginosis), Yeast Infection, Trichomoniasis, Gonorrhea, Chlamydia Test - CLIA Certified Labs",Amazon,STI / STD,,Amazon,151.2,151.2,,USD,True,https://www.amazon.com/Bacterial-Infections-Vaginal-myLAB-Box/dp/B07FP287ND/ref=sr_1_41?dib=eyJ2IjoiMSJ9.mgD25g5sntQasbbwmhZp_mKQ9EBnulrGw9cevVPu5Bc-6PxgPOaoNKrlRcaWoftBtyzN58tq5RaL2cXVDWSRTjn3N25ikqRI5VVvn468sXk1nhmDI-_iUgzhCWA3MxbAg7mo_PBfj6sUNmc7J3iZVvx-NRaFkm4ZhBkq2jGnSDiHnIl8bKdOr5lm3MyK7ajeTqzbEyUgWRAfDis9loGFWmrciHf2Zp1g2ulaNaoq-85-TizRL2OLKT-2WXFXOJ8B0ttm1Sfbl757JQRzPC_quNQ0gZzXJUWdwFlsieIYG6I.qk_gpScMcoZlH95-KBpqAeMXLmqLjekjyB3P8cBWjF0&dib_tag=se&keywords=women+at+home+health+test&qid=1771512506&sr=8-41,crawl4ai,2026-02-19T14:49:57.741451
4,"4-in-1 Stress, Sleep & Thyroid Test – Cortisol Test Kit at Home with DHEA-S, TSH, Cortisol/DHEA Ratio | Adrenal & Thyroid Hormone Panel | Clinical-Grade Accuracy | Painless Collection",Amazon,Thyroid,,Amazon,129.0,129.0,,USD,True,https://www.amazon.com/EqualDx-Stress-Sleep-Thyroid-Test/dp/B0FM2YZBBD/ref=sr_1_4?dib=eyJ2IjoiMSJ9.mgD25g5sntQasbbwmhZp_mKQ9EBnulrGw9cevVPu5Bc-6PxgPOaoNKrlRcaWoftBtyzN58tq5RaL2cXVDWSRTjn3N25ikqRI5VVvn468sXk1nhmDI-_iUgzhCWA3MxbAg7mo_PBfj6sUNmc7J3iZVvx-NRaFkm4ZhBkq2jGnSDiHnIl8bKdOr5lm3MyK7ajeTqzbEyUgWRAfDis9loGFWmrciHf2Zp1g2ulaNaoq-85-TizRL2OLKT-2WXFXOJ8B0ttm1Sfbl757JQRzPC_quNQ0gZzXJUWdwFlsieIYG6I.qk_gpScMcoZlH95-KBpqAeMXLmqLjekjyB3P8cBWjF0&dib_tag=se&keywords=women+at+home+health+test&qid=1771512506&sr=8-4,crawl4ai,2026-02-19T14:49:57.725635
24,"Everlywell at-Home Thyroid Test Collection Kit for Women and Men, Get Accurate Results at Home from a CLIA-Certified Lab Within Days, for Ages 18 Plus",Everlywell,Thyroid,,Amazon,149.0,149.0,,USD,True,https://www.amazon.com/Everlywell-Thyroid-Test-Collection-CLIA-Certified/dp/B01MQQKB7K/ref=sr_1_47?dib=eyJ2IjoiMSJ9.mgD25g5sntQasbbwmhZp_mKQ9EBnulrGw9cevVPu5Bc-6PxgPOaoNKrlRcaWoftBtyzN58tq5RaL2cXVDWSRTjn3N25ikqRI5VVvn468sXk1nhmDI-_iUgzhCWA3MxbAg7mo_PBfj6sUNmc7J3iZVvx-NRaFkm4ZhBkq2jGnSDiHnIl8bKdOr5lm3MyK7ajeTqzbEyUgWRAfDis9loGFWmrciHf2Zp1g2ulaNaoq-85-TizRL2OLKT-2WXFXOJ8B0ttm1Sfbl757JQRzPC_quNQ0gZzXJUWdwFlsieIYG6I.qk_gpScMcoZlH95-KBpqAeMXLmqLjekjyB3P8cBWjF0&dib_tag=se&keywords=women+at+home+health+test&qid=1771512506&sr=8-47,crawl4ai,2026-02-19T14:49:57.743736
34,"4-in-1 UTI Test Strips, 50ct Full Panel Urinary Tract Infection Test Kit at Home for Women Men Kids, Urinalysis Leukocytes, Nitrites, PH, Protein Urine Strip for UTI and Bladder, 50 Strips 50 Cups",Amazon,UTI,,Amazon,9.99,0.2,,USD,True,https://www.amazon.com/Urinary-Infection-Urinalysis-Leukocytes-Nitrites/dp/B0DS8JFX1V/ref=sr_1_40?dib=eyJ2IjoiMSJ9.mgD25g5sntQasbbwmhZp_mKQ9EBnulrGw9cevVPu5Bc-6PxgPOaoNKrlRcaWoftBtyzN58tq5RaL2cXVDWSRTjn3N25ikqRI5VVvn468sXk1nhmDI-_iUgzhCWA3MxbAg7mo_PBfj6sUNmc7J3iZVvx-NRaFkm4ZhBkq2jGnSDiHnIl8bKdOr5lm3MyK7ajeTqzbEyUgWRAfDis9loGFWmrciHf2Zp1g2ulaNaoq-85-TizRL2OLKT-2WXFXOJ8B0ttm1Sfbl757JQRzPC_quNQ0gZzXJUWdwFlsieIYG6I.qk_gpScMcoZlH95-KBpqAeMXLmqLjekjyB3P8cBWjF0&dib_tag=se&keywords=women+at+home+health+test&qid=1771512506&sr=8-40,crawl4ai,2026-02-19T14:49:57.741057
15,"5-in-1 Full Panel UTI Test Strips for Women, Men & Kids (60 Strips) with 2-Factor UTI Severity (Protein & Microalbumin), Urine Test Strips for Bladder, at Home Urinary Tract Infection Kit",Amazon,UTI,,Amazon,13.95,0.28,,USD,True,https://www.amazon.com/UTI-2-Factor-Severity-Microalbumin-Infection/dp/B07PW9VCCD/ref=sr_1_16?dib=eyJ2IjoiMSJ9.mgD25g5sntQasbbwmhZp_mKQ9EBnulrGw9cevVPu5Bc-6PxgPOaoNKrlRcaWoftBtyzN58tq5RaL2cXVDWSRTjn3N25ikqRI5VVvn468sXk1nhmDI-_iUgzhCWA3MxbAg7mo_PBfj6sUNmc7J3iZVvx-NRaFkm4ZhBkq2jGnSDiHnIl8bKdOr5lm3MyK7ajeTqzbEyUgWRAfDis9loGFWmrciHf2Zp1g2ulaNaoq-85-TizRL2OLKT-2WXFXOJ8B0ttm1Sfbl757JQRzPC_quNQ0gZzXJUWdwFlsieIYG6I.qk_gpScMcoZlH95-KBpqAeMXLmqLjekjyB3P8cBWjF0&dib_tag=se&keywords=women+at+home+health+test&qid=1771512506&sr=8-16,crawl4ai,2026-02-19T14:49:57.731699
11,"6-in-1 Vaginal Health Test Kit for Women – pH & Balance Awareness, Easy at-Home Self-Check for Intimate Wellness – Quick & Reliable Daily Care Solution",Amazon,UTI,,Amazon,25.66,25.66,,USD,True,https://www.amazon.com/sspa/click?ie=UTF8&spc=MTo3NzA1MDQzMDM1NjIyNTcwOjE3NzE1MTI1MDY6c3BfbXRmOjMwMTEzNzkwMDUwMzYwMjo6MDo6&url=%2FVaginal-Health-Test-Kit-Women%2Fdp%2FB0GD77TD53%2Fref%3Dsr_1_20_sspa%3Fdib%3DeyJ2IjoiMSJ9.mgD25g5sntQasbbwmhZp_mKQ9EBnulrGw9cevVPu5Bc-6PxgPOaoNKrlRcaWoftBtyzN58tq5RaL2cXVDWSRTjn3N25ikqRI5VVvn468sXk1nhmDI-_iUgzhCWA3MxbAg7mo_PBfj6sUNmc7J3iZVvx-NRaFkm4ZhBkq2jGnSDiHnIl8bKdOr5lm3MyK7ajeTqzbEyUgWRAfDis9loGFWmrciHf2Zp1g2ulaNaoq-85-TizRL2OLKT-2WXFXOJ8B0ttm1Sfbl757JQRzPC_quNQ0gZzXJUWdwFlsieIYG6I.qk_gpScMcoZlH95-KBpqAeMXLmqLjekjyB3P8cBWjF0%26dib_tag%3Dse%26keywords%3Dwomen%2Bat%2Bhome%2Bhealth%2Btest%26qid%3D1771512506%26sr%3D8-20-spons%26sp_csd%3Dd2lkZ2V0TmFtZT1zcF9tdGY%26psc%3D1,crawl4ai,2026-02-19T14:49:57.733161
22,"AZO Urinary Tract Infection (UTI) Test Strip + Vaginal pH Test Kit, Fast & Accurate Results, from The #1 Most Trusted Brand, FSA/HSA Eligible",Amazon,UTI,,Amazon,12.97,6.49,,USD,True,https://www.amazon.com/AZO-Urinary-Infection-Vaginal-Accurate/dp/B0CKVLQKCD/ref=sr_1_26?dib=eyJ2IjoiMSJ9.mgD25g5sntQasbbwmhZp_mKQ9EBnulrGw9cevVPu5Bc-6PxgPOaoNKrlRcaWoftBtyzN58tq5RaL2cXVDWSRTjn3N25ikqRI5VVvn468sXk1nhmDI-_iUgzhCWA3MxbAg7mo_PBfj6sUNmc7J3iZVvx-NRaFkm4ZhBkq2jGnSDiHnIl8bKdOr5lm3MyK7ajeTqzbEyUgWRAfDis9loGFWmrciHf2Zp1g2ulaNaoq-85-TizRL2OLKT-2WXFXOJ8B0ttm1Sfbl757JQRzPC_quNQ0gZzXJUWdwFlsieIYG6I.qk_gpScMcoZlH95-KBpqAeMXLmqLjekjyB3P8cBWjF0&dib_tag=se&keywords=women+at+home+health+test&qid=1771512506&sr=8-26,crawl4ai,2026-02-19T14:49:57.735527
20,"AZO Urinary Tract Infection (UTI) Test Strips, Accurate Results in 2 Minutes, Clinically Tested, Easy to Read Results, Clean Grip Handle, #1 Most Trusted Brand, 3 Count",Amazon,UTI,,Amazon,9.92,3.31,,USD,True,https://www.amazon.com/AZO-Infection-Accurate-Clinically-Self-Testing/dp/B00854L57U/ref=sr_1_23?dib=eyJ2IjoiMSJ9.mgD25g5sntQasbbwmhZp_mKQ9EBnulrGw9cevVPu5Bc-6PxgPOaoNKrlRcaWoftBtyzN58tq5RaL2cXVDWSRTjn3N25ikqRI5VVvn468sXk1nhmDI-_iUgzhCWA3MxbAg7mo_PBfj6sUNmc7J3iZVvx-NRaFkm4ZhBkq2jGnSDiHnIl8bKdOr5lm3MyK7ajeTqzbEyUgWRAfDis9loGFWmrciHf2Zp1g2ulaNaoq-85-TizRL2OLKT-2WXFXOJ8B0ttm1Sfbl757JQRzPC_quNQ0gZzXJUWdwFlsieIYG6I.qk_gpScMcoZlH95-KBpqAeMXLmqLjekjyB3P8cBWjF0&dib_tag=se&keywords=women+at+home+health+test&qid=1771512506&sr=8-23,crawl4ai,2026-02-19T14:49:57.734393
43,"Easy@Home Vaginal pH Test Strips & UTI Test Kits (8 Pack): Yeast Infection, BV, UTI Tests for Women, Fast Accurate Results, 4 Urinary Tract Infection & 4 Feminine pH Health Tests",Easy@Home,UTI,,Amazon,19.95,2.49,,USD,True,https://www.amazon.com/Easy-Home-Vaginal-Test-Strips/dp/B0DNHSCJZW/ref=sr_1_50?dib=eyJ2IjoiMSJ9.mgD25g5sntQasbbwmhZp_mKQ9EBnulrGw9cevVPu5Bc-6PxgPOaoNKrlRcaWoftBtyzN58tq5RaL2cXVDWSRTjn3N25ikqRI5VVvn468sXk1nhmDI-_iUgzhCWA3MxbAg7mo_PBfj6sUNmc7J3iZVvx-NRaFkm4ZhBkq2jGnSDiHnIl8bKdOr5lm3MyK7ajeTqzbEyUgWRAfDis9loGFWmrciHf2Zp1g2ulaNaoq-85-TizRL2OLKT-2WXFXOJ8B0ttm1Sfbl757JQRzPC_quNQ0gZzXJUWdwFlsieIYG6I.qk_gpScMcoZlH95-KBpqAeMXLmqLjekjyB3P8cBWjF0&dib_tag=se&keywords=women+at+home+health+test&qid=1771512506&sr=8-50,crawl4ai,2026-02-19T14:49:57.744943
25,"Diagnox Health at Home Vaginal pH Test Strips for Women, Early Detection of Feminine pH Imbalances, Individually Packaged & Easy to Use BV Test, Pack of 3",Amazon,Vaginal Health,,Amazon,7.97,2.66,,USD,True,https://www.amazon.com/sspa/click?ie=UTF8&spc=MTo3NzA1MDQzMDM1NjIyNTcwOjE3NzE1MTI1MDY6c3BfbXRmOjMwMDcwMDQ1MzIxMzEwMjo6MDo6&url=%2FDetection-Feminine-Imbalances-Individually-Packaged%2Fdp%2FB0DVTCJCWS%2Fref%3Dsr_1_30_sspa%3Fdib%3DeyJ2IjoiMSJ9.mgD25g5sntQasbbwmhZp_mKQ9EBnulrGw9cevVPu5Bc-6PxgPOaoNKrlRcaWoftBtyzN58tq5RaL2cXVDWSRTjn3N25ikqRI5VVvn468sXk1nhmDI-_iUgzhCWA3MxbAg7mo_PBfj6sUNmc7J3iZVvx-NRaFkm4ZhBkq2jGnSDiHnIl8bKdOr5lm3MyK7ajeTqzbEyUgWRAfDis9loGFWmrciHf2Zp1g2ulaNaoq-85-TizRL2OLKT-2WXFXOJ8B0ttm1Sfbl757JQRzPC_quNQ0gZzXJUWdwFlsieIYG6I.qk_gpScMcoZlH95-KBpqAeMXLmqLjekjyB3P8cBWjF0%26dib_tag%3Dse%26keywords%3Dwomen%2Bat%2Bhome%2Bhealth%2Btest%26qid%3D1771512506%26sr%3D8-30-spons%26sp_csd%3Dd2lkZ2V0TmFtZT1zcF9tdGY%26psc%3D1,crawl4ai,2026-02-19T14:49:57.737103
47,Easy@Home Vaginal pH Test -10 Strips | BV Test Kit at Home for Women | Yeast Infection Test + pH Balance for Women,Easy@Home,Vaginal Health,,Amazon,11.99,1.2,,USD,True,https://www.amazon.com/Easy-Home-Vaginal-Infection-Balance/dp/B0CKPHVKCT/ref=sr_1_54?dib=eyJ2IjoiMSJ9.mgD25g5sntQasbbwmhZp_mKQ9EBnulrGw9cevVPu5Bc-6PxgPOaoNKrlRcaWoftBtyzN58tq5RaL2cXVDWSRTjn3N25ikqRI5VVvn468sXk1nhmDI-_iUgzhCWA3MxbAg7mo_PBfj6sUNmc7J3iZVvx-NRaFkm4ZhBkq2jGnSDiHnIl8bKdOr5lm3MyK7ajeTqzbEyUgWRAfDis9loGFWmrciHf2Zp1g2ulaNaoq-85-TizRL2OLKT-2WXFXOJ8B0ttm1Sfbl757JQRzPC_quNQ0gZzXJUWdwFlsieIYG6I.qk_gpScMcoZlH95-KBpqAeMXLmqLjekjyB3P8cBWjF0&dib_tag=se&keywords=women+at+home+health+test&qid=1771512506&sr=8-54,crawl4ai,2026-02-19T14:49:57.746540
37,"Pelvana Vaginal pH Test Strips for Women – 100 Strips, at-Home BV and Yeast Infection Test Kit, Vaginal pH Tester to Differentiate Between Conditions",Amazon,Vaginal Health,,Amazon,14.95,0.15,,USD,True,https://www.amazon.com/Pelvana-Balance-Test-Strips-Women/dp/B09J52TNBR/ref=sr_1_43?dib=eyJ2IjoiMSJ9.mgD25g5sntQasbbwmhZp_mKQ9EBnulrGw9cevVPu5Bc-6PxgPOaoNKrlRcaWoftBtyzN58tq5RaL2cXVDWSRTjn3N25ikqRI5VVvn468sXk1nhmDI-_iUgzhCWA3MxbAg7mo_PBfj6sUNmc7J3iZVvx-NRaFkm4ZhBkq2jGnSDiHnIl8bKdOr5lm3MyK7ajeTqzbEyUgWRAfDis9loGFWmrciHf2Zp1g2ulaNaoq-85-TizRL2OLKT-2WXFXOJ8B0ttm1Sfbl757JQRzPC_quNQ0gZzXJUWdwFlsieIYG6I.qk_gpScMcoZlH95-KBpqAeMXLmqLjekjyB3P8cBWjF0&dib_tag=se&keywords=women+at+home+health+test&qid=1771512506&sr=8-43,crawl4ai,2026-02-19T14:49:57.742243
7,"Pelvana Vaginal pH Test Strips for Women – 50 Strips, at-Home BV and Yeast Infection Test Kit, Vaginal pH Tester to Differentiate Between Conditions",Amazon,Vaginal Health,,Amazon,9.95,0.2,,USD,True,https://www.amazon.com/Pelvana-Balance-Test-Strips-Women/dp/B09J522MNP/ref=sr_1_8?dib=eyJ2IjoiMSJ9.mgD25g5sntQasbbwmhZp_mKQ9EBnulrGw9cevVPu5Bc-6PxgPOaoNKrlRcaWoftBtyzN58tq5RaL2cXVDWSRTjn3N25ikqRI5VVvn468sXk1nhmDI-_iUgzhCWA3MxbAg7mo_PBfj6sUNmc7J3iZVvx-NRaFkm4ZhBkq2jGnSDiHnIl8bKdOr5lm3MyK7ajeTqzbEyUgWRAfDis9loGFWmrciHf2Zp1g2ulaNaoq-85-TizRL2OLKT-2WXFXOJ8B0ttm1Sfbl757JQRzPC_quNQ0gZzXJUWdwFlsieIYG6I.qk_gpScMcoZlH95-KBpqAeMXLmqLjekjyB3P8cBWjF0&dib_tag=se&keywords=women+at+home+health+test&qid=1771512506&sr=8-8,crawl4ai,2026-02-19T14:49:57.728182
6,"Vaginitis Test Kit, Rapid Screening for Common Vaginal Discomfort Causes – at-Home Self Test for Women – Fast, Easy & Accurate – 1 Test",Amazon,Vaginal Health,,Amazon,29.99,29.99,,USD,True,https://www.amazon.com/Vaginitis-Screening-Common-Vaginal-Discomfort/dp/B0FP96Z2JJ/ref=sr_1_7?dib=eyJ2IjoiMSJ9.mgD25g5sntQasbbwmhZp_mKQ9EBnulrGw9cevVPu5Bc-6PxgPOaoNKrlRcaWoftBtyzN58tq5RaL2cXVDWSRTjn3N25ikqRI5VVvn468sXk1nhmDI-_iUgzhCWA3MxbAg7mo_PBfj6sUNmc7J3iZVvx-NRaFkm4ZhBkq2jGnSDiHnIl8bKdOr5lm3MyK7ajeTqzbEyUgWRAfDis9loGFWmrciHf2Zp1g2ulaNaoq-85-TizRL2OLKT-2WXFXOJ8B0ttm1Sfbl757JQRzPC_quNQ0gZzXJUWdwFlsieIYG6I.qk_gpScMcoZlH95-KBpqAeMXLmqLjekjyB3P8cBWjF0&dib_tag=se&keywords=women+at+home+health+test&qid=1771512506&sr=8-7,crawl4ai,2026-02-19T14:49:57.727669
